duration(µs),method,variant,query,suite
9328,BinaryJoin,flatten,1,dev
8717,Yannakakis,flatten,1,dev
8745,BinaryJoin,flatten,1,dev
8993,Yannakakis,flatten,1,dev
8673,BinaryJoin,flatten,1,dev
8541,Yannakakis,flatten,1,dev
9010,BinaryJoin,flatten,1,dev
8385,Yannakakis,flatten,1,dev
8578,BinaryJoin,flatten,1,dev
8785,Yannakakis,flatten,1,dev
8678,BinaryJoin,flatten,1,dev
8519,Yannakakis,flatten,1,dev
9093,BinaryJoin,flatten,1,dev
8793,Yannakakis,flatten,1,dev
8525,BinaryJoin,flatten,1,dev
8780,Yannakakis,flatten,1,dev
8592,BinaryJoin,flatten,1,dev
9048,Yannakakis,flatten,1,dev
8777,BinaryJoin,flatten,1,dev
8788,Yannakakis,flatten,1,dev
794713,BinaryJoin,flatten,2,dev
118207,Yannakakis,flatten,2,dev
787581,BinaryJoin,flatten,2,dev
119027,Yannakakis,flatten,2,dev
787260,BinaryJoin,flatten,2,dev
118742,Yannakakis,flatten,2,dev
787266,BinaryJoin,flatten,2,dev
119065,Yannakakis,flatten,2,dev
786081,BinaryJoin,flatten,2,dev
118247,Yannakakis,flatten,2,dev
786043,BinaryJoin,flatten,2,dev
118563,Yannakakis,flatten,2,dev
785325,BinaryJoin,flatten,2,dev
118363,Yannakakis,flatten,2,dev
787097,BinaryJoin,flatten,2,dev
118568,Yannakakis,flatten,2,dev
787266,BinaryJoin,flatten,2,dev
119467,Yannakakis,flatten,2,dev
786439,BinaryJoin,flatten,2,dev
119109,Yannakakis,flatten,2,dev
5608,BinaryJoin,flatten,3,dev
4809,Yannakakis,flatten,3,dev
4251,BinaryJoin,flatten,3,dev
5233,Yannakakis,flatten,3,dev
4147,BinaryJoin,flatten,3,dev
4671,Yannakakis,flatten,3,dev
4134,BinaryJoin,flatten,3,dev
4826,Yannakakis,flatten,3,dev
4265,BinaryJoin,flatten,3,dev
4723,Yannakakis,flatten,3,dev
4144,BinaryJoin,flatten,3,dev
5228,Yannakakis,flatten,3,dev
4178,BinaryJoin,flatten,3,dev
4698,Yannakakis,flatten,3,dev
4109,BinaryJoin,flatten,3,dev
4940,Yannakakis,flatten,3,dev
4263,BinaryJoin,flatten,3,dev
4726,Yannakakis,flatten,3,dev
4135,BinaryJoin,flatten,3,dev
4801,Yannakakis,flatten,3,dev
12456,BinaryJoin,flatten,4,dev
9932,Yannakakis,flatten,4,dev
11965,BinaryJoin,flatten,4,dev
9923,Yannakakis,flatten,4,dev
11793,BinaryJoin,flatten,4,dev
9883,Yannakakis,flatten,4,dev
11528,BinaryJoin,flatten,4,dev
10019,Yannakakis,flatten,4,dev
12196,BinaryJoin,flatten,4,dev
10011,Yannakakis,flatten,4,dev
11840,BinaryJoin,flatten,4,dev
10185,Yannakakis,flatten,4,dev
12031,BinaryJoin,flatten,4,dev
10554,Yannakakis,flatten,4,dev
11470,BinaryJoin,flatten,4,dev
10418,Yannakakis,flatten,4,dev
12030,BinaryJoin,flatten,4,dev
10339,Yannakakis,flatten,4,dev
11314,BinaryJoin,flatten,4,dev
10920,Yannakakis,flatten,4,dev
18880,BinaryJoin,flatten,5,dev
15821,Yannakakis,flatten,5,dev
17788,BinaryJoin,flatten,5,dev
15707,Yannakakis,flatten,5,dev
18203,BinaryJoin,flatten,5,dev
15285,Yannakakis,flatten,5,dev
18199,BinaryJoin,flatten,5,dev
15359,Yannakakis,flatten,5,dev
17710,BinaryJoin,flatten,5,dev
15304,Yannakakis,flatten,5,dev
18642,BinaryJoin,flatten,5,dev
15243,Yannakakis,flatten,5,dev
17960,BinaryJoin,flatten,5,dev
16346,Yannakakis,flatten,5,dev
19577,BinaryJoin,flatten,5,dev
16196,Yannakakis,flatten,5,dev
18988,BinaryJoin,flatten,5,dev
16985,Yannakakis,flatten,5,dev
19723,BinaryJoin,flatten,5,dev
15977,Yannakakis,flatten,5,dev
21675,BinaryJoin,flatten,6,dev
19484,Yannakakis,flatten,6,dev
21821,BinaryJoin,flatten,6,dev
18581,Yannakakis,flatten,6,dev
21714,BinaryJoin,flatten,6,dev
18965,Yannakakis,flatten,6,dev
21802,BinaryJoin,flatten,6,dev
18502,Yannakakis,flatten,6,dev
21731,BinaryJoin,flatten,6,dev
18790,Yannakakis,flatten,6,dev
22184,BinaryJoin,flatten,6,dev
19375,Yannakakis,flatten,6,dev
22158,BinaryJoin,flatten,6,dev
18521,Yannakakis,flatten,6,dev
21532,BinaryJoin,flatten,6,dev
19242,Yannakakis,flatten,6,dev
22179,BinaryJoin,flatten,6,dev
18942,Yannakakis,flatten,6,dev
22549,BinaryJoin,flatten,6,dev
18383,Yannakakis,flatten,6,dev
621948,BinaryJoin,flatten,7,dev
567268,Yannakakis,flatten,7,dev
622676,BinaryJoin,flatten,7,dev
563867,Yannakakis,flatten,7,dev
625219,BinaryJoin,flatten,7,dev
565529,Yannakakis,flatten,7,dev
623935,BinaryJoin,flatten,7,dev
565043,Yannakakis,flatten,7,dev
622593,BinaryJoin,flatten,7,dev
565491,Yannakakis,flatten,7,dev
619467,BinaryJoin,flatten,7,dev
566024,Yannakakis,flatten,7,dev
623131,BinaryJoin,flatten,7,dev
567890,Yannakakis,flatten,7,dev
622994,BinaryJoin,flatten,7,dev
564447,Yannakakis,flatten,7,dev
620858,BinaryJoin,flatten,7,dev
562783,Yannakakis,flatten,7,dev
618703,BinaryJoin,flatten,7,dev
563090,Yannakakis,flatten,7,dev
461338,BinaryJoin,flatten,8,dev
453502,Yannakakis,flatten,8,dev
460689,BinaryJoin,flatten,8,dev
454056,Yannakakis,flatten,8,dev
465884,BinaryJoin,flatten,8,dev
454866,Yannakakis,flatten,8,dev
464174,BinaryJoin,flatten,8,dev
457259,Yannakakis,flatten,8,dev
463841,BinaryJoin,flatten,8,dev
452731,Yannakakis,flatten,8,dev
462661,BinaryJoin,flatten,8,dev
453529,Yannakakis,flatten,8,dev
462093,BinaryJoin,flatten,8,dev
454059,Yannakakis,flatten,8,dev
462329,BinaryJoin,flatten,8,dev
452882,Yannakakis,flatten,8,dev
465920,BinaryJoin,flatten,8,dev
466955,Yannakakis,flatten,8,dev
474450,BinaryJoin,flatten,8,dev
455648,Yannakakis,flatten,8,dev
686983,BinaryJoin,flatten,9,dev
684424,Yannakakis,flatten,9,dev
687246,BinaryJoin,flatten,9,dev
690255,Yannakakis,flatten,9,dev
685610,BinaryJoin,flatten,9,dev
686712,Yannakakis,flatten,9,dev
686255,BinaryJoin,flatten,9,dev
685601,Yannakakis,flatten,9,dev
685998,BinaryJoin,flatten,9,dev
685984,Yannakakis,flatten,9,dev
685872,BinaryJoin,flatten,9,dev
684900,Yannakakis,flatten,9,dev
685937,BinaryJoin,flatten,9,dev
686993,Yannakakis,flatten,9,dev
686690,BinaryJoin,flatten,9,dev
683969,Yannakakis,flatten,9,dev
687666,BinaryJoin,flatten,9,dev
686108,Yannakakis,flatten,9,dev
686248,BinaryJoin,flatten,9,dev
686300,Yannakakis,flatten,9,dev
285204,BinaryJoin,flatten,10,dev
372435,Yannakakis,flatten,10,dev
286963,BinaryJoin,flatten,10,dev
373957,Yannakakis,flatten,10,dev
284731,BinaryJoin,flatten,10,dev
373539,Yannakakis,flatten,10,dev
285566,BinaryJoin,flatten,10,dev
373815,Yannakakis,flatten,10,dev
284851,BinaryJoin,flatten,10,dev
374238,Yannakakis,flatten,10,dev
284247,BinaryJoin,flatten,10,dev
376332,Yannakakis,flatten,10,dev
284409,BinaryJoin,flatten,10,dev
373512,Yannakakis,flatten,10,dev
284274,BinaryJoin,flatten,10,dev
375964,Yannakakis,flatten,10,dev
285647,BinaryJoin,flatten,10,dev
379142,Yannakakis,flatten,10,dev
287277,BinaryJoin,flatten,10,dev
373116,Yannakakis,flatten,10,dev
269431,BinaryJoin,flatten,11,dev
339026,Yannakakis,flatten,11,dev
268617,BinaryJoin,flatten,11,dev
338620,Yannakakis,flatten,11,dev
268420,BinaryJoin,flatten,11,dev
341475,Yannakakis,flatten,11,dev
270262,BinaryJoin,flatten,11,dev
340400,Yannakakis,flatten,11,dev
270465,BinaryJoin,flatten,11,dev
339455,Yannakakis,flatten,11,dev
270584,BinaryJoin,flatten,11,dev
339624,Yannakakis,flatten,11,dev
270556,BinaryJoin,flatten,11,dev
339391,Yannakakis,flatten,11,dev
269899,BinaryJoin,flatten,11,dev
340579,Yannakakis,flatten,11,dev
269675,BinaryJoin,flatten,11,dev
339418,Yannakakis,flatten,11,dev
270319,BinaryJoin,flatten,11,dev
339405,Yannakakis,flatten,11,dev
23944,BinaryJoin,flatten,12,dev
12169,Yannakakis,flatten,12,dev
24173,BinaryJoin,flatten,12,dev
11795,Yannakakis,flatten,12,dev
23570,BinaryJoin,flatten,12,dev
12811,Yannakakis,flatten,12,dev
23125,BinaryJoin,flatten,12,dev
12440,Yannakakis,flatten,12,dev
24823,BinaryJoin,flatten,12,dev
12354,Yannakakis,flatten,12,dev
24232,BinaryJoin,flatten,12,dev
12577,Yannakakis,flatten,12,dev
24691,BinaryJoin,flatten,12,dev
12007,Yannakakis,flatten,12,dev
24107,BinaryJoin,flatten,12,dev
12459,Yannakakis,flatten,12,dev
23012,BinaryJoin,flatten,12,dev
12524,Yannakakis,flatten,12,dev
23288,BinaryJoin,flatten,12,dev
12229,Yannakakis,flatten,12,dev
98010,BinaryJoin,flatten,13,dev
41710,Yannakakis,flatten,13,dev
98420,BinaryJoin,flatten,13,dev
40572,Yannakakis,flatten,13,dev
97509,BinaryJoin,flatten,13,dev
40709,Yannakakis,flatten,13,dev
97449,BinaryJoin,flatten,13,dev
40668,Yannakakis,flatten,13,dev
98936,BinaryJoin,flatten,13,dev
40517,Yannakakis,flatten,13,dev
97714,BinaryJoin,flatten,13,dev
40861,Yannakakis,flatten,13,dev
97129,BinaryJoin,flatten,13,dev
40507,Yannakakis,flatten,13,dev
97872,BinaryJoin,flatten,13,dev
40990,Yannakakis,flatten,13,dev
99315,BinaryJoin,flatten,13,dev
41204,Yannakakis,flatten,13,dev
97713,BinaryJoin,flatten,13,dev
40957,Yannakakis,flatten,13,dev
122940,BinaryJoin,flatten,14,dev
112995,Yannakakis,flatten,14,dev
121838,BinaryJoin,flatten,14,dev
113316,Yannakakis,flatten,14,dev
122465,BinaryJoin,flatten,14,dev
112583,Yannakakis,flatten,14,dev
122137,BinaryJoin,flatten,14,dev
112576,Yannakakis,flatten,14,dev
123325,BinaryJoin,flatten,14,dev
112021,Yannakakis,flatten,14,dev
122219,BinaryJoin,flatten,14,dev
112062,Yannakakis,flatten,14,dev
123251,BinaryJoin,flatten,14,dev
112856,Yannakakis,flatten,14,dev
123540,BinaryJoin,flatten,14,dev
112554,Yannakakis,flatten,14,dev
121890,BinaryJoin,flatten,14,dev
113028,Yannakakis,flatten,14,dev
123634,BinaryJoin,flatten,14,dev
111475,Yannakakis,flatten,14,dev
63168,BinaryJoin,flatten,15,dev
35259,Yannakakis,flatten,15,dev
57396,BinaryJoin,flatten,15,dev
35108,Yannakakis,flatten,15,dev
57944,BinaryJoin,flatten,15,dev
35171,Yannakakis,flatten,15,dev
57814,BinaryJoin,flatten,15,dev
34692,Yannakakis,flatten,15,dev
57809,BinaryJoin,flatten,15,dev
35010,Yannakakis,flatten,15,dev
57963,BinaryJoin,flatten,15,dev
35025,Yannakakis,flatten,15,dev
57823,BinaryJoin,flatten,15,dev
34869,Yannakakis,flatten,15,dev
58130,BinaryJoin,flatten,15,dev
34934,Yannakakis,flatten,15,dev
58214,BinaryJoin,flatten,15,dev
34671,Yannakakis,flatten,15,dev
57840,BinaryJoin,flatten,15,dev
34881,Yannakakis,flatten,15,dev
33335,BinaryJoin,flatten,16,dev
37057,Yannakakis,flatten,16,dev
35178,BinaryJoin,flatten,16,dev
37438,Yannakakis,flatten,16,dev
35039,BinaryJoin,flatten,16,dev
37280,Yannakakis,flatten,16,dev
35105,BinaryJoin,flatten,16,dev
37284,Yannakakis,flatten,16,dev
35504,BinaryJoin,flatten,16,dev
37139,Yannakakis,flatten,16,dev
35340,BinaryJoin,flatten,16,dev
37519,Yannakakis,flatten,16,dev
35157,BinaryJoin,flatten,16,dev
37369,Yannakakis,flatten,16,dev
35461,BinaryJoin,flatten,16,dev
37451,Yannakakis,flatten,16,dev
35396,BinaryJoin,flatten,16,dev
37885,Yannakakis,flatten,16,dev
35437,BinaryJoin,flatten,16,dev
37143,Yannakakis,flatten,16,dev
56161,BinaryJoin,flatten,17,dev
30085,Yannakakis,flatten,17,dev
55615,BinaryJoin,flatten,17,dev
28984,Yannakakis,flatten,17,dev
55468,BinaryJoin,flatten,17,dev
29735,Yannakakis,flatten,17,dev
55736,BinaryJoin,flatten,17,dev
29129,Yannakakis,flatten,17,dev
55543,BinaryJoin,flatten,17,dev
29968,Yannakakis,flatten,17,dev
55024,BinaryJoin,flatten,17,dev
29245,Yannakakis,flatten,17,dev
55586,BinaryJoin,flatten,17,dev
30047,Yannakakis,flatten,17,dev
55472,BinaryJoin,flatten,17,dev
29203,Yannakakis,flatten,17,dev
55689,BinaryJoin,flatten,17,dev
30080,Yannakakis,flatten,17,dev
55883,BinaryJoin,flatten,17,dev
28950,Yannakakis,flatten,17,dev
406152,BinaryJoin,flatten,18,dev
338757,Yannakakis,flatten,18,dev
393417,BinaryJoin,flatten,18,dev
337952,Yannakakis,flatten,18,dev
393235,BinaryJoin,flatten,18,dev
339464,Yannakakis,flatten,18,dev
392757,BinaryJoin,flatten,18,dev
336702,Yannakakis,flatten,18,dev
395253,BinaryJoin,flatten,18,dev
337026,Yannakakis,flatten,18,dev
397194,BinaryJoin,flatten,18,dev
338890,Yannakakis,flatten,18,dev
394400,BinaryJoin,flatten,18,dev
338122,Yannakakis,flatten,18,dev
393197,BinaryJoin,flatten,18,dev
336884,Yannakakis,flatten,18,dev
395695,BinaryJoin,flatten,18,dev
336974,Yannakakis,flatten,18,dev
395915,BinaryJoin,flatten,18,dev
337848,Yannakakis,flatten,18,dev
111719,BinaryJoin,flatten,19,dev
82350,Yannakakis,flatten,19,dev
109780,BinaryJoin,flatten,19,dev
81845,Yannakakis,flatten,19,dev
113554,BinaryJoin,flatten,19,dev
82239,Yannakakis,flatten,19,dev
110046,BinaryJoin,flatten,19,dev
82165,Yannakakis,flatten,19,dev
108818,BinaryJoin,flatten,19,dev
82060,Yannakakis,flatten,19,dev
113616,BinaryJoin,flatten,19,dev
81859,Yannakakis,flatten,19,dev
109308,BinaryJoin,flatten,19,dev
82003,Yannakakis,flatten,19,dev
108905,BinaryJoin,flatten,19,dev
81810,Yannakakis,flatten,19,dev
112427,BinaryJoin,flatten,19,dev
81437,Yannakakis,flatten,19,dev
109120,BinaryJoin,flatten,19,dev
81782,Yannakakis,flatten,19,dev
79097,BinaryJoin,flatten,20,dev
52298,Yannakakis,flatten,20,dev
67990,BinaryJoin,flatten,20,dev
51171,Yannakakis,flatten,20,dev
66824,BinaryJoin,flatten,20,dev
51083,Yannakakis,flatten,20,dev
66963,BinaryJoin,flatten,20,dev
51898,Yannakakis,flatten,20,dev
66606,BinaryJoin,flatten,20,dev
51173,Yannakakis,flatten,20,dev
67989,BinaryJoin,flatten,20,dev
51225,Yannakakis,flatten,20,dev
67104,BinaryJoin,flatten,20,dev
51391,Yannakakis,flatten,20,dev
66884,BinaryJoin,flatten,20,dev
51112,Yannakakis,flatten,20,dev
67116,BinaryJoin,flatten,20,dev
51256,Yannakakis,flatten,20,dev
68235,BinaryJoin,flatten,20,dev
51200,Yannakakis,flatten,20,dev
5689,BinaryJoin,flatten,1,final
5204,Yannakakis,flatten,1,final
5014,BinaryJoin,flatten,1,final
5406,Yannakakis,flatten,1,final
4790,BinaryJoin,flatten,1,final
5402,Yannakakis,flatten,1,final
5025,BinaryJoin,flatten,1,final
5178,Yannakakis,flatten,1,final
4848,BinaryJoin,flatten,1,final
5173,Yannakakis,flatten,1,final
5068,BinaryJoin,flatten,1,final
4988,Yannakakis,flatten,1,final
4837,BinaryJoin,flatten,1,final
5027,Yannakakis,flatten,1,final
5120,BinaryJoin,flatten,1,final
5012,Yannakakis,flatten,1,final
4846,BinaryJoin,flatten,1,final
4972,Yannakakis,flatten,1,final
4984,BinaryJoin,flatten,1,final
5277,Yannakakis,flatten,1,final
1491952,BinaryJoin,flatten,2,final
169403,Yannakakis,flatten,2,final
1478185,BinaryJoin,flatten,2,final
169888,Yannakakis,flatten,2,final
1478106,BinaryJoin,flatten,2,final
170367,Yannakakis,flatten,2,final
1477315,BinaryJoin,flatten,2,final
169625,Yannakakis,flatten,2,final
1478322,BinaryJoin,flatten,2,final
169532,Yannakakis,flatten,2,final
1479206,BinaryJoin,flatten,2,final
170140,Yannakakis,flatten,2,final
1476732,BinaryJoin,flatten,2,final
169898,Yannakakis,flatten,2,final
1476869,BinaryJoin,flatten,2,final
169874,Yannakakis,flatten,2,final
1476342,BinaryJoin,flatten,2,final
169538,Yannakakis,flatten,2,final
1477872,BinaryJoin,flatten,2,final
169583,Yannakakis,flatten,2,final
17243,BinaryJoin,flatten,3,final
14253,Yannakakis,flatten,3,final
16252,BinaryJoin,flatten,3,final
13810,Yannakakis,flatten,3,final
16396,BinaryJoin,flatten,3,final
13683,Yannakakis,flatten,3,final
15834,BinaryJoin,flatten,3,final
13899,Yannakakis,flatten,3,final
15710,BinaryJoin,flatten,3,final
14046,Yannakakis,flatten,3,final
15755,BinaryJoin,flatten,3,final
14353,Yannakakis,flatten,3,final
16472,BinaryJoin,flatten,3,final
13474,Yannakakis,flatten,3,final
16367,BinaryJoin,flatten,3,final
13712,Yannakakis,flatten,3,final
15750,BinaryJoin,flatten,3,final
13637,Yannakakis,flatten,3,final
15577,BinaryJoin,flatten,3,final
13916,Yannakakis,flatten,3,final
28599,BinaryJoin,flatten,4,final
17867,Yannakakis,flatten,4,final
28716,BinaryJoin,flatten,4,final
18161,Yannakakis,flatten,4,final
28685,BinaryJoin,flatten,4,final
17729,Yannakakis,flatten,4,final
29004,BinaryJoin,flatten,4,final
17448,Yannakakis,flatten,4,final
29086,BinaryJoin,flatten,4,final
17710,Yannakakis,flatten,4,final
28322,BinaryJoin,flatten,4,final
18054,Yannakakis,flatten,4,final
28521,BinaryJoin,flatten,4,final
18542,Yannakakis,flatten,4,final
28920,BinaryJoin,flatten,4,final
17894,Yannakakis,flatten,4,final
29016,BinaryJoin,flatten,4,final
17307,Yannakakis,flatten,4,final
28294,BinaryJoin,flatten,4,final
18142,Yannakakis,flatten,4,final
19435,BinaryJoin,flatten,5,final
20404,Yannakakis,flatten,5,final
19041,BinaryJoin,flatten,5,final
19282,Yannakakis,flatten,5,final
18958,BinaryJoin,flatten,5,final
19409,Yannakakis,flatten,5,final
19773,BinaryJoin,flatten,5,final
20498,Yannakakis,flatten,5,final
19045,BinaryJoin,flatten,5,final
19147,Yannakakis,flatten,5,final
19196,BinaryJoin,flatten,5,final
20158,Yannakakis,flatten,5,final
19369,BinaryJoin,flatten,5,final
19729,Yannakakis,flatten,5,final
19288,BinaryJoin,flatten,5,final
20236,Yannakakis,flatten,5,final
19833,BinaryJoin,flatten,5,final
20015,Yannakakis,flatten,5,final
18688,BinaryJoin,flatten,5,final
19826,Yannakakis,flatten,5,final
35126,BinaryJoin,flatten,6,final
40986,Yannakakis,flatten,6,final
35203,BinaryJoin,flatten,6,final
39346,Yannakakis,flatten,6,final
35039,BinaryJoin,flatten,6,final
39960,Yannakakis,flatten,6,final
35025,BinaryJoin,flatten,6,final
39440,Yannakakis,flatten,6,final
35354,BinaryJoin,flatten,6,final
40390,Yannakakis,flatten,6,final
35379,BinaryJoin,flatten,6,final
39871,Yannakakis,flatten,6,final
35028,BinaryJoin,flatten,6,final
39326,Yannakakis,flatten,6,final
34652,BinaryJoin,flatten,6,final
40685,Yannakakis,flatten,6,final
34870,BinaryJoin,flatten,6,final
40455,Yannakakis,flatten,6,final
34819,BinaryJoin,flatten,6,final
39807,Yannakakis,flatten,6,final
683239,BinaryJoin,flatten,7,final
684502,Yannakakis,flatten,7,final
684096,BinaryJoin,flatten,7,final
684198,Yannakakis,flatten,7,final
685454,BinaryJoin,flatten,7,final
669192,Yannakakis,flatten,7,final
666808,BinaryJoin,flatten,7,final
668059,Yannakakis,flatten,7,final
667196,BinaryJoin,flatten,7,final
667075,Yannakakis,flatten,7,final
667459,BinaryJoin,flatten,7,final
671156,Yannakakis,flatten,7,final
668195,BinaryJoin,flatten,7,final
666325,Yannakakis,flatten,7,final
666513,BinaryJoin,flatten,7,final
668488,Yannakakis,flatten,7,final
667144,BinaryJoin,flatten,7,final
669072,Yannakakis,flatten,7,final
666679,BinaryJoin,flatten,7,final
667333,Yannakakis,flatten,7,final
659778,BinaryJoin,flatten,8,final
473477,Yannakakis,flatten,8,final
657511,BinaryJoin,flatten,8,final
473454,Yannakakis,flatten,8,final
657620,BinaryJoin,flatten,8,final
474419,Yannakakis,flatten,8,final
656190,BinaryJoin,flatten,8,final
473772,Yannakakis,flatten,8,final
654962,BinaryJoin,flatten,8,final
472547,Yannakakis,flatten,8,final
653334,BinaryJoin,flatten,8,final
475064,Yannakakis,flatten,8,final
657312,BinaryJoin,flatten,8,final
473190,Yannakakis,flatten,8,final
656354,BinaryJoin,flatten,8,final
475101,Yannakakis,flatten,8,final
654851,BinaryJoin,flatten,8,final
471379,Yannakakis,flatten,8,final
658380,BinaryJoin,flatten,8,final
475683,Yannakakis,flatten,8,final
701665,BinaryJoin,flatten,9,final
698427,Yannakakis,flatten,9,final
700269,BinaryJoin,flatten,9,final
698292,Yannakakis,flatten,9,final
699923,BinaryJoin,flatten,9,final
700535,Yannakakis,flatten,9,final
700414,BinaryJoin,flatten,9,final
698677,Yannakakis,flatten,9,final
699866,BinaryJoin,flatten,9,final
698449,Yannakakis,flatten,9,final
699137,BinaryJoin,flatten,9,final
699830,Yannakakis,flatten,9,final
700876,BinaryJoin,flatten,9,final
697164,Yannakakis,flatten,9,final
699416,BinaryJoin,flatten,9,final
699144,Yannakakis,flatten,9,final
700203,BinaryJoin,flatten,9,final
696934,Yannakakis,flatten,9,final
700576,BinaryJoin,flatten,9,final
699812,Yannakakis,flatten,9,final
277338,BinaryJoin,flatten,10,final
351165,Yannakakis,flatten,10,final
276250,BinaryJoin,flatten,10,final
348779,Yannakakis,flatten,10,final
276754,BinaryJoin,flatten,10,final
349070,Yannakakis,flatten,10,final
277449,BinaryJoin,flatten,10,final
348899,Yannakakis,flatten,10,final
276522,BinaryJoin,flatten,10,final
351087,Yannakakis,flatten,10,final
277150,BinaryJoin,flatten,10,final
349787,Yannakakis,flatten,10,final
277524,BinaryJoin,flatten,10,final
349902,Yannakakis,flatten,10,final
276888,BinaryJoin,flatten,10,final
350209,Yannakakis,flatten,10,final
276930,BinaryJoin,flatten,10,final
347770,Yannakakis,flatten,10,final
276573,BinaryJoin,flatten,10,final
347961,Yannakakis,flatten,10,final
21590,BinaryJoin,flatten,11,final
10804,Yannakakis,flatten,11,final
22786,BinaryJoin,flatten,11,final
10059,Yannakakis,flatten,11,final
22602,BinaryJoin,flatten,11,final
10706,Yannakakis,flatten,11,final
21550,BinaryJoin,flatten,11,final
11247,Yannakakis,flatten,11,final
21382,BinaryJoin,flatten,11,final
10355,Yannakakis,flatten,11,final
22464,BinaryJoin,flatten,11,final
9933,Yannakakis,flatten,11,final
22377,BinaryJoin,flatten,11,final
10075,Yannakakis,flatten,11,final
21545,BinaryJoin,flatten,11,final
10223,Yannakakis,flatten,11,final
21415,BinaryJoin,flatten,11,final
10410,Yannakakis,flatten,11,final
22586,BinaryJoin,flatten,11,final
10114,Yannakakis,flatten,11,final
19387,BinaryJoin,flatten,12,final
10826,Yannakakis,flatten,12,final
20685,BinaryJoin,flatten,12,final
11016,Yannakakis,flatten,12,final
20454,BinaryJoin,flatten,12,final
11065,Yannakakis,flatten,12,final
19535,BinaryJoin,flatten,12,final
10757,Yannakakis,flatten,12,final
19131,BinaryJoin,flatten,12,final
11417,Yannakakis,flatten,12,final
18968,BinaryJoin,flatten,12,final
11927,Yannakakis,flatten,12,final
18916,BinaryJoin,flatten,12,final
11219,Yannakakis,flatten,12,final
20497,BinaryJoin,flatten,12,final
11084,Yannakakis,flatten,12,final
20728,BinaryJoin,flatten,12,final
11044,Yannakakis,flatten,12,final
19080,BinaryJoin,flatten,12,final
11071,Yannakakis,flatten,12,final
11120,BinaryJoin,flatten,13,final
9010,Yannakakis,flatten,13,final
10858,BinaryJoin,flatten,13,final
7552,Yannakakis,flatten,13,final
11483,BinaryJoin,flatten,13,final
7473,Yannakakis,flatten,13,final
11692,BinaryJoin,flatten,13,final
7569,Yannakakis,flatten,13,final
10136,BinaryJoin,flatten,13,final
8037,Yannakakis,flatten,13,final
10498,BinaryJoin,flatten,13,final
7341,Yannakakis,flatten,13,final
11457,BinaryJoin,flatten,13,final
7444,Yannakakis,flatten,13,final
10498,BinaryJoin,flatten,13,final
7779,Yannakakis,flatten,13,final
10189,BinaryJoin,flatten,13,final
7462,Yannakakis,flatten,13,final
10768,BinaryJoin,flatten,13,final
7595,Yannakakis,flatten,13,final
200454,BinaryJoin,flatten,14,final
196386,Yannakakis,flatten,14,final
200660,BinaryJoin,flatten,14,final
195881,Yannakakis,flatten,14,final
200661,BinaryJoin,flatten,14,final
197290,Yannakakis,flatten,14,final
203269,BinaryJoin,flatten,14,final
197236,Yannakakis,flatten,14,final
201893,BinaryJoin,flatten,14,final
196544,Yannakakis,flatten,14,final
201923,BinaryJoin,flatten,14,final
196747,Yannakakis,flatten,14,final
202116,BinaryJoin,flatten,14,final
195935,Yannakakis,flatten,14,final
201056,BinaryJoin,flatten,14,final
197778,Yannakakis,flatten,14,final
202205,BinaryJoin,flatten,14,final
196542,Yannakakis,flatten,14,final
201910,BinaryJoin,flatten,14,final
204831,Yannakakis,flatten,14,final
68395,BinaryJoin,flatten,15,final
26824,Yannakakis,flatten,15,final
66742,BinaryJoin,flatten,15,final
26931,Yannakakis,flatten,15,final
66654,BinaryJoin,flatten,15,final
26843,Yannakakis,flatten,15,final
66217,BinaryJoin,flatten,15,final
27340,Yannakakis,flatten,15,final
66810,BinaryJoin,flatten,15,final
26609,Yannakakis,flatten,15,final
67299,BinaryJoin,flatten,15,final
26307,Yannakakis,flatten,15,final
66908,BinaryJoin,flatten,15,final
26039,Yannakakis,flatten,15,final
67679,BinaryJoin,flatten,15,final
25793,Yannakakis,flatten,15,final
67258,BinaryJoin,flatten,15,final
25463,Yannakakis,flatten,15,final
67664,BinaryJoin,flatten,15,final
26222,Yannakakis,flatten,15,final
183317,BinaryJoin,flatten,16,final
107482,Yannakakis,flatten,16,final
180660,BinaryJoin,flatten,16,final
107958,Yannakakis,flatten,16,final
180834,BinaryJoin,flatten,16,final
107900,Yannakakis,flatten,16,final
181334,BinaryJoin,flatten,16,final
105597,Yannakakis,flatten,16,final
182207,BinaryJoin,flatten,16,final
106582,Yannakakis,flatten,16,final
180911,BinaryJoin,flatten,16,final
108524,Yannakakis,flatten,16,final
182346,BinaryJoin,flatten,16,final
106872,Yannakakis,flatten,16,final
181083,BinaryJoin,flatten,16,final
106890,Yannakakis,flatten,16,final
182456,BinaryJoin,flatten,16,final
107649,Yannakakis,flatten,16,final
181170,BinaryJoin,flatten,16,final
108289,Yannakakis,flatten,16,final
86891,BinaryJoin,flatten,17,final
58810,Yannakakis,flatten,17,final
75951,BinaryJoin,flatten,17,final
57513,Yannakakis,flatten,17,final
76455,BinaryJoin,flatten,17,final
57348,Yannakakis,flatten,17,final
75399,BinaryJoin,flatten,17,final
57376,Yannakakis,flatten,17,final
76969,BinaryJoin,flatten,17,final
58003,Yannakakis,flatten,17,final
77043,BinaryJoin,flatten,17,final
58105,Yannakakis,flatten,17,final
76400,BinaryJoin,flatten,17,final
57131,Yannakakis,flatten,17,final
75729,BinaryJoin,flatten,17,final
57911,Yannakakis,flatten,17,final
75929,BinaryJoin,flatten,17,final
57888,Yannakakis,flatten,17,final
76402,BinaryJoin,flatten,17,final
57345,Yannakakis,flatten,17,final
335813,BinaryJoin,flatten,18,final
201351,Yannakakis,flatten,18,final
325682,BinaryJoin,flatten,18,final
197761,Yannakakis,flatten,18,final
323396,BinaryJoin,flatten,18,final
198193,Yannakakis,flatten,18,final
323218,BinaryJoin,flatten,18,final
201915,Yannakakis,flatten,18,final
323446,BinaryJoin,flatten,18,final
198161,Yannakakis,flatten,18,final
323032,BinaryJoin,flatten,18,final
199523,Yannakakis,flatten,18,final
324353,BinaryJoin,flatten,18,final
198266,Yannakakis,flatten,18,final
326500,BinaryJoin,flatten,18,final
199138,Yannakakis,flatten,18,final
325445,BinaryJoin,flatten,18,final
198376,Yannakakis,flatten,18,final
325911,BinaryJoin,flatten,18,final
198584,Yannakakis,flatten,18,final
53079,BinaryJoin,flatten,19,final
43949,Yannakakis,flatten,19,final
52957,BinaryJoin,flatten,19,final
43706,Yannakakis,flatten,19,final
51326,BinaryJoin,flatten,19,final
43972,Yannakakis,flatten,19,final
52413,BinaryJoin,flatten,19,final
43278,Yannakakis,flatten,19,final
51966,BinaryJoin,flatten,19,final
44029,Yannakakis,flatten,19,final
52823,BinaryJoin,flatten,19,final
43971,Yannakakis,flatten,19,final
51964,BinaryJoin,flatten,19,final
44012,Yannakakis,flatten,19,final
51803,BinaryJoin,flatten,19,final
43186,Yannakakis,flatten,19,final
52533,BinaryJoin,flatten,19,final
43597,Yannakakis,flatten,19,final
52803,BinaryJoin,flatten,19,final
42362,Yannakakis,flatten,19,final
